categoria,nome,formato,prezzo
Prodotto - Alchemic,Shampoo Argento,280 ml,22.00
Prodotto - Alchemic,Conditioner Argento,250 ml,35.00
Prodotto - Alchemic,Shampoo Cioccolato,280 ml,22.00
Prodotto - Alchemic,Conditioner Cioccolato,250 ml,35.00
Prodotto - Alchemic,Shampoo Dorato,280 ml,22.00
Prodotto - Alchemic,Conditioner Dorato,250 ml,35.00
Prodotto - Alchemic,Shampoo Rosso,280 ml,22.00
Prodotto - Alchemic,Conditioner Rosso,250 ml,35.00
Prodotto - Alchemic,Shampoo Tabacco,280 ml,22.00
Prodotto - Alchemic,Conditioner Tabacco,250 ml,35.00
Prodotto - Alchemic,Shampoo Ramato,280 ml,22.00
Prodotto - Alchemic,Conditioner Ramato,250 ml,35.00
Prodotto - Creative Conditioner,Conditioner Rosa,250 ml,35.00
Prodotto - Creative Conditioner,Conditioner Blu Marino,250 ml,35.00
Prodotto - Creative Conditioner,Conditioner Blu Ottanio,250 ml,35.00
Prodotto - Creative Conditioner,Conditioner Corallo,250 ml,35.00
Prodotto - Essential Haircare,MINU/ Shampoo,75 ml,9.40
Prodotto - Essential Haircare,MINU/ Shampoo,250 ml,20.00
Prodotto - Essential Haircare,MINU/ Shampoo,1000 ml,60.00
Prodotto - Essential Haircare,MINU/ Conditioner,75 ml,9.80
Prodotto - Essential Haircare,MINU/ Conditioner,250 ml,23.80
Prodotto - Essential Haircare,MINU/ Conditioner,1000 ml,71.40
Prodotto - Essential Haircare,MINU/ Hair Mask,75 ml,10.00
Prodotto - Essential Haircare,MINU/ Hair Mask,250 ml,27.60
Prodotto - Essential Haircare,MINU/ Hair Mask,1000 ml,82.80
Prodotto - Essential Haircare,MINU/ Hair Serum,150 ml,23.90
Prodotto - Essential Haircare,NOUNOU/ Shampoo,75 ml,9.40
Prodotto - Essential Haircare,NOUNOU/ Shampoo,250 ml,20.00
Prodotto - Essential Haircare,NOUNOU/ Shampoo,1000 ml,60.00
Prodotto - Essential Haircare,NOUNOU/ Conditioner,75 ml,9.80
Prodotto - Essential Haircare,NOUNOU/ Conditioner,250 ml,23.80
Prodotto - Essential Haircare,NOUNOU/ Conditioner,1000 ml,71.40
Prodotto - Essential Haircare,NOUNOU/ Hair Mask,75 ml,10.00
Prodotto - Essential Haircare,NOUNOU/ Hair Mask,250 ml,27.60
Prodotto - Essential Haircare,NOUNOU/ Hair Mask,1000 ml,82.80
Prodotto - Essential Haircare,MELU/ Shampoo,75 ml,9.40
Prodotto - Essential Haircare,MELU/ Shampoo,250 ml,20.00
Prodotto - Essential Haircare,MELU/ Shampoo,1000 ml,60.00
Prodotto - Essential Haircare,MELU/ Conditioner,75 ml,9.80
Prodotto - Essential Haircare,MELU/ Conditioner,250 ml,23.80
Prodotto - Essential Haircare,MELU/ Conditioner,1000 ml,71.40
Prodotto - Essential Haircare,MELU/ Hair Shield,250 ml,34.60
Prodotto - Essential Haircare,DEDE/ Shampoo,75 ml,9.40
Prodotto - Essential Haircare,DEDE/ Shampoo,250 ml,20.00
Prodotto - Essential Haircare,DEDE/ Shampoo,1000 ml,60.00
Prodotto - Essential Haircare,DEDE/ Conditioner,75 ml,9.80
Prodotto - Essential Haircare,DEDE/ Conditioner,250 ml,23.80
Prodotto - Essential Haircare,DEDE/ Conditioner,1000 ml,71.40
Prodotto - Essential Haircare,DEDE/ Hair Mist,250 ml,29.00
Prodotto - Essential Haircare,VOLU/ Shampoo,75 ml,9.40
Prodotto - Essential Haircare,VOLU/ Shampoo,250 ml,20.00
Prodotto - Essential Haircare,VOLU/ Shampoo,1000 ml,60.00
Prodotto - Essential Haircare,VOLU/ Hair Mist,250 ml,34.60
Prodotto - Essential Haircare,SOLU/ Shampoo,75 ml,9.40
Prodotto - Essential Haircare,SOLU/ Shampoo,250 ml,20.00
Prodotto - Essential Haircare,SOLU/ Shampoo,1000 ml,60.00
Prodotto - Essential Haircare,SOLU/ Sea Salt Scrub Cleanser,75 ml,11.60
Prodotto - Essential Haircare,SOLU/ Sea Salt Scrub Cleanser,250 ml,28.60
Prodotto - Essential Haircare,MOMO/ Shampoo,75 ml,9.40
Prodotto - Essential Haircare,MOMO/ Shampoo,250 ml,20.00
Prodotto - Essential Haircare,MOMO/ Shampoo,1000 ml,60.00
Prodotto - Essential Haircare,MOMO/ Conditioner,75 ml,9.80
Prodotto - Essential Haircare,MOMO/ Conditioner,250 ml,23.80
Prodotto - Essential Haircare,MOMO/ Conditioner,1000 ml,71.40
Prodotto - Essential Haircare,MOMO/ Hair Potion,150 ml,23.50
Prodotto - Essential Haircare,LOVE/ Curl Cleansing Cream,500 ml,36.00
Prodotto - Essential Haircare,LOVE/ Curl Shampoo,75 ml,9.40
Prodotto - Essential Haircare,LOVE/ Curl Shampoo,250 ml,20.00
Prodotto - Essential Haircare,LOVE/ Curl Shampoo,1000 ml,60.00
Prodotto - Essential Haircare,LOVE/ Curl Conditioner,75 ml,9.80
Prodotto - Essential Haircare,LOVE/ Curl Conditioner,250 ml,23.80
Prodotto - Essential Haircare,LOVE/ Curl Conditioner,1000 ml,71.40
Prodotto - Essential Haircare,LOVE/ Curl Mask,75 ml,10.00
Prodotto - Essential Haircare,LOVE/ Curl Mask,250 ml,27.60
Prodotto - Essential Haircare,LOVE/ Curl Mask,1000 ml,82.80
Prodotto - Essential Haircare,LOVE/ Curl Primer,150 ml,25.60
Prodotto - Essential Haircare,LOVE/ Curl Cream,150 ml,25.60
Prodotto - Essential Haircare,LOVE/ Curl Controller,150 ml,25.60
Prodotto - Essential Haircare,LOVE/ Curl Revitalizer,75 ml,11.20
Prodotto - Essential Haircare,LOVE/ Curl Revitalizer,250 ml,30.80
Prodotto - Essential Haircare,LOVE/ Shampoo (Smoothing),75 ml,9.40
Prodotto - Essential Haircare,LOVE/ Shampoo (Smoothing),250 ml,20.00
Prodotto - Essential Haircare,LOVE/ Shampoo (Smoothing),1000 ml,60.00
Prodotto - Essential Haircare,LOVE/ Conditioner (Smoothing),75 ml,9.80
Prodotto - Essential Haircare,LOVE/ Conditioner (Smoothing),250 ml,23.80
Prodotto - Essential Haircare,LOVE/ Conditioner (Smoothing),1000 ml,71.40
Prodotto - Essential Haircare,LOVE/ Instant Mask,75 ml,10.00
Prodotto - Essential Haircare,LOVE/ Instant Mask,250 ml,27.60
Prodotto - Essential Haircare,LOVE/ Instant Mask,1000 ml,82.80
Prodotto - Essential Haircare,LOVE/ Hair Smoother,150 ml,23.90
Prodotto - Essential Haircare,LOVE/ Perfector,150 ml,27.60
Prodotto - Grow Beautiful,Hair&Body Wash Bar,100 gr,20.00
Prodotto - Shampoo Bar,MOMO/ Shampoo Bar,100 gr,20.00
Prodotto - Shampoo Bar,DEDE/ Shampoo Bar,100 gr,20.00
Prodotto - Shampoo Bar,VOLU/ Shampoo Bar,100 gr,20.00
Prodotto - Shampoo Bar,LOVE/ Shampoo Bar,100 gr,20.00
Prodotto - Circle Chronicles,The Purity Circle,50 ml,9.50
Prodotto - Circle Chronicles,The Quick Fix Circle,50 ml,9.50
Prodotto - Circle Chronicles,The Renaissance Circle,50 ml,9.50
Prodotto - Circle Chronicles,The Spotlight Circle,50 ml,9.50
Prodotto - Circle Chronicles,The Wake-Up Circle,50 ml,9.50
Prodotto - Circle Chronicles,The Let It Go Circle,50 ml,9.50
Prodotto - Circle Chronicles,The Restless Circle,50 ml,9.50
Prodotto - Naturaltech,Renewing Shampoo,100 ml,13.30
Prodotto - Naturaltech,Renewing Shampoo,250 ml,22.90
Prodotto - Naturaltech,Renewing Shampoo,1000 ml,68.70
Prodotto - Naturaltech,Renewing Conditioning Treatment,60 ml,13.20
Prodotto - Naturaltech,Renewing Conditioning Treatment,250 ml,29.50
Prodotto - Naturaltech,Renewing Conditioning Treatment,1000 ml,87.00
Prodotto - Naturaltech,Replumping Shampoo,100 ml,13.30
Prodotto - Naturaltech,Replumping Shampoo,250 ml,22.90
Prodotto - Naturaltech,Replumping Shampoo,1000 ml,68.70
Prodotto - Naturaltech,Replumping Conditioner,60 ml,13.20
Prodotto - Naturaltech,Replumping Conditioner,150 ml,22.20
Prodotto - Naturaltech,Replumping Conditioner,1000 ml,87.00
Prodotto - Naturaltech,Replumping Hair Filler Superactive,100 ml,40.80
Prodotto - Naturaltech,Energizing Shampoo,100 ml,13.30
Prodotto - Naturaltech,Energizing Shampoo,250 ml,23.00
Prodotto - Naturaltech,Energizing Shampoo,1000 ml,68.70
Prodotto - Naturaltech,Energizing Seasonal Superactive,100 ml,74.00
Prodotto - Naturaltech,Energizing Seasonal Superactive,12x6 ml,74.00
Prodotto - Naturaltech,Energizing Superactive Anytime,100 ml,85.00
Prodotto - Naturaltech,Energizing Gel,150 ml,37.60
Prodotto - Naturaltech,Energizing Thickening Tonic,100 ml,44.00
Prodotto - Naturaltech,Purifying Shampoo,100 ml,13.30
Prodotto - Naturaltech,Purifying Shampoo,250 ml,22.90
Prodotto - Naturaltech,Purifying Shampoo,1000 ml,68.70
Prodotto - Naturaltech,Purifying Gel,150 ml,37.60
Prodotto - Naturaltech,Well-Being Shampoo,100 ml,13.30
Prodotto - Naturaltech,Well-Being Shampoo,250 ml,22.90
Prodotto - Naturaltech,Well-Being Shampoo,1000 ml,68.70
Prodotto - Naturaltech,Well-Being Conditioner,60 ml,13.20
Prodotto - Naturaltech,Well-Being Conditioner,150 ml,22.20
Prodotto - Naturaltech,Well-Being Conditioner,1000 ml,87.00
Prodotto - Naturaltech,Detoxifying Scrub Shampoo,100 ml,13.30
Prodotto - Naturaltech,Detoxifying Scrub Shampoo,250 ml,22.90
Prodotto - Naturaltech,Detoxifying Scrub Shampoo,1000 ml,68.70
Prodotto - Naturaltech,Rebalancing Shampoo,100 ml,13.30
Prodotto - Naturaltech,Rebalancing Shampoo,250 ml,22.90
Prodotto - Naturaltech,Rebalancing Shampoo,1000 ml,68.70
Prodotto - Naturaltech,Cleansing Treatment,250 ml,28.10
Prodotto - Naturaltech,Cleansing Treatment,1000 ml,84.70
Prodotto - Naturaltech,Calming Shampoo,100 ml,13.30
Prodotto - Naturaltech,Calming Shampoo,250 ml,22.90
Prodotto - Naturaltech,Calming Shampoo,1000 ml,68.70
Prodotto - Naturaltech,Calming Superactive,100 ml,45.50
Prodotto - Naturaltech,Nourishing Shampoo,100 ml,13.30
Prodotto - Naturaltech,Nourishing Shampoo,250 ml,22.90
Prodotto - Naturaltech,Nourishing Shampoo,1000 ml,68.70
Prodotto - Naturaltech,Nourishing Vegetarian Miracle Conditioner,60 ml,13.20
Prodotto - Naturaltech,Nourishing Vegetarian Miracle Conditioner,250 ml,37.80
Prodotto - Naturaltech,Nourishing Vegetarian Miracle Conditioner,1000 ml,113.40
Prodotto - Naturaltech,Nourishing Vegetarian Miracle Mask,60 ml,13.50
Prodotto - Naturaltech,Nourishing Vegetarian Miracle Mask,250 ml,43.00
Prodotto - Naturaltech,Nourishing Vegetarian Miracle Mask,1000 ml,129.00
Prodotto - Naturaltech,Nourishing Hair Building Pak,60 ml,13.70
Prodotto - Naturaltech,Nourishing Hair Building Pak,250 ml,44.60
Prodotto - Naturaltech,Nourishing Keratin Sealer,100 ml,38.20
Prodotto - Naturaltech,Nourishing Hair Royal Jelly Superactive,6x8 ml,79.60
Prodotto - Naturaltech,Elevating Scalp Recovery Treatment,100 ml,48.80
Prodotto - OI,OI/Shampoo,90 ml,12.80
Prodotto - OI,OI/Shampoo,280 ml,22.60
Prodotto - OI,OI/Shampoo,1000 ml,67.80
Prodotto - OI,OI/Conditioner,75 ml,13.10
Prodotto - OI,OI/Conditioner,250 ml,30.20
Prodotto - OI,OI/Conditioner,1000 ml,90.60
Prodotto - OI,OI/Hair Butter,75 ml,14.20
Prodotto - OI,OI/Hair Butter,250 ml,34.00
Prodotto - OI,OI/Hair Butter,1000 ml,102.00
Prodotto - OI,OI/Oil,50 ml,25.90
Prodotto - OI,OI/Oil,135 ml,46.20
Prodotto - OI,OI/Liquid Luster,100 ml,25.00
Prodotto - OI,OI/Liquid Luster,300 ml,42.00
Prodotto - OI,OI/All in One Milk,50 ml,20.20
Prodotto - OI,OI/All in One Milk,135 ml,30.40
Prodotto - OI,OI/Body Wash,90 ml,12.40
Prodotto - OI,OI/Body Wash,280 ml,19.80
Prodotto - OI,OI/Hand Balm,75 ml,18.00
Prodotto - Pasta & Love,Softening Shaving Gel,200 ml,31.30
Prodotto - Pasta & Love,After Shave & Moisturizing Cream,100 ml,33.00
Prodotto - Pasta & Love,Pre-Shaving & Beard Oil,50 ml,30.20
Prodotto - Pasta & Love,Medium Hold Styling Paste,125 ml,28.90
Prodotto - Pasta & Love,Non-Foaming Transparent Shaving Gel,150 ml,25.00
Prodotto - Pasta & Love,Strong-Hold Mat Clay,50 ml,18.20
Prodotto - Pasta & Love,Hair Beard & Body Wash,300 ml,22.60
Prodotto - Pasta & Love,Fiber Cream,50 ml,22.90
Prodotto - Heart of Glass,Silkening Shampoo,90 ml,11.70
Prodotto - Heart of Glass,Silkening Shampoo,250 ml,20.80
Prodotto - Heart of Glass,Silkening Shampoo,1000 ml,62.40
Prodotto - Heart of Glass,Rich Conditioner,90 ml,12.90
Prodotto - Heart of Glass,Rich Conditioner,250 ml,30.20
Prodotto - Heart of Glass,Rich Conditioner,1000 ml,90.60
Prodotto - Heart of Glass,Intense Treatment,150 ml,28.60
Prodotto - Heart of Glass,Sheer Glaze,150 ml,30.40
Prodotto - Heart of Glass,Instant Bonding Glow,300 ml,42.00
Prodotto - More Inside,Spray al Sale Marino,100 ml,16.20
Prodotto - More Inside,Spray al Sale Marino,250 ml,32.00
Prodotto - More Inside,Siero Crea Ricci,100 ml,16.20
Prodotto - More Inside,Siero Crea Ricci,250 ml,32.00
Prodotto - More Inside,Oil Non Oil,250 ml,28.70
Prodotto - More Inside,Gel Medio Modellante,250 ml,28.70
Prodotto - More Inside,Gel Oil per i Ricci,250 ml,32.00
Prodotto - More Inside,Blow Dry Primer,100 ml,15.10
Prodotto - More Inside,Blow Dry Primer,250 ml,34.40
Prodotto - More Inside,Siero Texturizzante,150 ml,27.20
Prodotto - More Inside,Polvere Texturizzante,8 gr,28.80
Prodotto - More Inside,Siero Invisibile,50 ml,20.60
Prodotto - More Inside,Fluido Stirante Idratante,125 ml,21.90
Prodotto - More Inside,Crema Gel Forte,125 ml,19.60
Prodotto - More Inside,Pasta Duttile Media,125 ml,28.80
Prodotto - More Inside,Lacca Media,400 ml,29.00
Prodotto - More Inside,Lacca Forte,100 ml,13.20
Prodotto - More Inside,Lacca Forte,400 ml,29.00
Prodotto - More Inside,Lacca Extra Forte,400 ml,32.30
Prodotto - More Inside,Eco Lacca Invisibile,250 ml,29.00
Prodotto - More Inside,Spray Lucidante,200 ml,31.80
